/*==== INSERT ====*/

INSERT INTO faculty(id, name, image_url) VALUES
('architecture', 'Architecture', 'faculty-architecture.webp'),
('automatic-control-robotics-electrical-engineering', 'Automatic Control, Robotics & Electrical Engineering', 'faculty-automatic-control-robotics-electrical-engineering.webp'),
('chemical-technology', 'Chemical Technology', 'faculty-chemical-technology.webp'),
('civil-transport-engineering', 'Civil and Transport Engineering', 'faculty-civil-transport-engineering.webp'),
('computing-telecommunications', 'Computing and Telecommunications', 'faculty-computing-telecommunications.webp'),
('engineering-management', 'Engineering Management', 'faculty-engineering-management.webp'),
('environmental-engineering-energy', 'Environmental Engineering and Energy', 'faculty-environmental-engineering-energy.webp'),
('materials-engineering-technical-physics', 'Materials Engineering and Technical Physics', 'faculty-materials-engineering-technical-physics.webp'),
('mechanical-engineering', 'Mechanical Engineering', 'faculty-mechanical-engineering.webp');

INSERT INTO course(id, title, description, ects, hours, semester, description_card_url, diploma, faculty_id) VALUES
('object-programming','Object Programming','The goal of the course is to teach students how to model and create reusable, easily-maintainable software, by using tools provided by object-oriented programming languages. Moreover, the students will learn how to create and use custom data types, how to model software systems based on clean code principles, and how to communicate their work to other programmers.',4,60,'Winter','Object-programming.pdf','Bsc','computing-telecommunications'),
('quality-management-experimental-software-engineering','Quality Management and Experimental Software Engineering','Provide students the knowledge regarding experimental Software Engineering, especially related to empirical research methods and their theoretical foundations.',5,125,'Winter','Quality-management-and-experimental-software-engineering.pdf','Master','computing-telecommunications'),
('software-architecture-and-verification','Software Architecture and Verification','Provide students with knowledge regarding software architecture, within the following scope of understanding what is software architecture, how it should be documented and evaluated.',6,145,'Winter','Software-architecture-and-verification.pdf','Master','computing-telecommunications'),
('software-development-studio-2','Software Development Studio 2','Provide to the students the foundations of project management and requirements engineering(and illustrate them with real-life cases) that are necessary to perform the management and analytical roles in software development projects.',6,150,'Winter','Software-development-studio-2.pdf','Master','computing-telecommunications'),
('operational-research','Operational Research','The course aims to introduce the students to the main topics in Operational Research(OR). These include linear programming, simplex algorithm, dual programming, sensitivity analysis, network optimization models, dynamic programming, integer programming, nonlinear programming, job scheduling, and heuristics. The students should get to know the basic methods, techniques, and algorithms for each of these sub-fields to use them for practical problem-solving.',5,60,'Winter','Operational-research.pdf','Bsc','computing-telecommunications'),
('internet-applications','Internet Applications','Gaining knowledge about www document and application development necessary to distinguish between basic internet application architectures and methods for implementing their modules. Enhancing knowledge about network architectures, protocols, and distributed systems security. Gaining skills in web application development using advanced user interface development technologies, such as CSS, JavaScript, presentation logic development, Single Page Application Frameworks, business logic development. Gaining social competences concerning working as a part of a team, including organising team work, in particular leadership and communication in the process of group problem solving.',5,60,'Winter','Internet-applications.pdf','Bsc','computing-telecommunications'),
('information-theory','Information Theory','The objective of the course is to present a selection of aspects of the Information Theory, one of the most fundamental theories underlying theoretical Computer Science of modern day. The Information Theory deals with representing, storing and communicating information expressed in the form of symbols. Owing to the fact that many important applications of this theory reach far beyond the core of Computing Science, the presented selection of aspects will be confined to the most fundamental ones, mainly those related to such domains of the Computer Science as Data Exploration and Data Compression, in particular: Lossless Data Compression. The fruits of rapid development of notions in the Information Theory, initially disputable and professedly unsolvable, have soon turned out to be incredibly useful and to have a great deal of practical value. In the modern­day these solutions show up in virtually all imaginable computer systems in existence, ones that could hardly survive nowadays without the ubiquitous multimedia content, the popularity and versatility of which has been consistently and unwaveringly influenced by the accessibility of data compression methods.',3,30,'Winter','Internet-applications.pdf','Bsc','computing-telecommunications'),
('career-resources','Career Resources','Provide students with basic knowledge regarding interpersonal communication in the workplace. Provide students with contemporary problems of interpersonal communication. Develop students'' skills in solving problems and communicating in groups. Advancing students'' language competence towards the level at least B2(CEFR).',2,30,'Winter','Career-resources.pdf','Bsc','computing-telecommunications'),
('Occupational-health-and-safety','Occupational Health and Safety','To familiarize students with rules, ordinances and regulations about health and safety at work. To acquaint students with the Basic issues of the methodology of human-oriented design as an operator and as an employee of machine service and other technical devices.',1,20,'Winter','Occupational-health-and-safety.pdf','Bsc','automatic-control-robotics-electrical-engineering'),
('Physics','Physics','Hand over basic knowledge concerning physics with special emphasis on applications in technical sciences. Develop students abilities to solve physical problems, to perceive potential applications in studied subject, doing experiments and analyze results based on acquired knowledge. Mould students abilities within group cooperation.',4,60,'Winter','Physics.pdf','Bsc','automatic-control-robotics-electrical-engineering'),
('Geometry-and-engineering-graphics', 'Geometry and engineering graphics','Mastership of basic principles of image construction of spatial objects on the plane. Training of spatial imagination. Learning the methods and principles of engineering drawing. Practical skills of preparing the technical documentation. Skills of "reading" the engineering drawing.',3,47,'Winter','Geometry-and-engineering-graphics.pdf','Bsc','automatic-control-robotics-electrical-engineering'),
('Information-Engineering', 'Information Engineering','Learning of basic knowledge concerning computer science as well as construction and operating principles of microcomputers; learning how to devise simple algorithms; learning the basics of structural and object programming in the C++ programming language.',2,35,'Winter','Information-Engineering.pdf','Bsc','automatic-control-robotics-electrical-engineering'),
('Materials-engineering', 'Materials Engineering','Knowledge of basic materials used in electrical engineering, phenomena occurring in them and characterized them properties. Learning new techniques and research methods.',1,16,'Winter','Information-Engineering.pdf','Bsc','automatic-control-robotics-electrical-engineering'),
('Mathematics', 'Mathematics','Equipping the student with skills related to the use of concepts and methods of mathematical analysis,linear algebra and vector calculus to describe and analyze problems in the field of technical sciences.',9,124,'Winter','Mathematics.pdf','Bsc','automatic-control-robotics-electrical-engineering'),
('Circuits-theory', 'Circuits theory','Introduction to physical quantities and basic laws and theorems in the field of direct current electric circuits and sinusoidal alternating. Knowledge of analytical methods for calculating electrical circuits steady state.',6,75,'Winter','Circuits-theory.pdf','Bsc','automatic-control-robotics-electrical-engineering'),
('Physical-education', 'Physical education','Didactic: learning the technique and tactics of the game that can be used in everyday life during the professional period, learning how to organize a match, competition, betting tournament with correct scoring and table execution, refereeing. Educational: respect for the rival, partner, the ability to support, mobilize and encourage a partner who is not successful in the game, cooperation and respect for the referee, care and respect for sports and personal equipment, care for personal hygiene. Health: Organization of leisure time, spending free time effectively, taking care of one''s efficiency and fitness, instilling correct hygiene habits, implementing correct standards of taking care of one''s appearance and proper efficiency, which positively affects the efficiency of work.',0,30,'Winter','Physical-education.pdf','Bsc','automatic-control-robotics-electrical-engineering'),
('Materials-engineering-Summer', 'Materials Engineering','Knowledge of basic materials used in electrical engineering, phenomena occurring in them and characterized them properties. Learning new techniques and research methods.',1,18,'Summer','Materials-Engineering-Summer.pdf','Bsc','automatic-control-robotics-electrical-engineering'),
('English', 'English','To help the student achieve the ability to use general and field-specific language effectively, with respect to the following language skills: listening, reading, writing, speaking. To improve the student''s ability to function effectively on the international job market and in everyday life. ',2,35,'Summer','English.pdf','Bsc','automatic-control-robotics-electrical-engineering'),
('Electrical-machines', 'Electrical machines','Learning of construction, principles of operation, characteristics, exploitation properties and basic methods of analysis of typical operation states of transformers and induction machines. Learning of basic methods of calculation of magnetic circuits in electromagnetic converters.',2,35,'Summer','Electrical-machines.pdf','Bsc','automatic-control-robotics-electrical-engineering'),
('Mathematics-Summer', 'Mathematics','Equipping the student with skills related to the use of concepts and methods of mathematical analysis,linear algebra and vector calculus to describe and analyze problems in the field of technical sciences.',6,87,'Summer','Mathematics-Summer.pdf','Bsc','automatic-control-robotics-electrical-engineering'),
('Numerical-methods', 'Numerical methods','Learning of numerical methods and apply them to solve simple engineering problems in mathematics and the field of electrical engineering. The support of engineering calculations by relevant IT tools',3,34,'Summer','Numerical-methods.pdf','Bsc','automatic-control-robotics-electrical-engineering'),
('Metrology', 'Metrology','Knowledge of measurement methodology, attributes of modern measuring devices and equipment, principles of using analog and digital measuring devices, and evaluation of measurement results.',2,30,'Summer','Metrology.pdf','Bsc','automatic-control-robotics-electrical-engineering'),
('Circuits-theory-Summer', 'Circuits theory','Introduction to physical quantities and basic laws and theorems in the field of direct current electric circuits and sinusoidal alternating. Knowledge of analytical methods for calculating electrical circuits steady state.',8,120,'Summer','Circuits-theory-summer.pdf','Bsc','automatic-control-robotics-electrical-engineering'),
('Physical-education-Summer', 'Physical education','Didactic: learning the technique and tactics of the game that can be used in everyday life during the professional period, learning how to organize a match, competition, betting tournament with correct scoring and table execution, refereeing. Educational: respect for the rival, partner, the ability to support, mobilize and encourage a partner who is not successful in the game, cooperation and respect for the referee, care and respect for sports and personal equipment, care for personal hygiene. Health: Organization of leisure time, spending free time effectively, taking care of one''s efficiency and fitness, instilling correct hygiene habits, implementing correct standards of taking care of one''s appearance and proper efficiency, which positively affects the efficiency of work.',0,30,'Summer','Physical-education-Summer.pdf','Bsc','automatic-control-robotics-electrical-engineering'),
('Automation-and-automatic-regulation', 'Automation and automatic regulation','To provide students with the knowledge of the basic elements of auto systems, principles of the selection of controllers and their parameters in various control systems. To familiarise students with the methods of synthesis and analysis of the continuous-time control systems operation, using various methods of analysis and digital modelling',4,65,'Winter','Automation-and-automatic-regulation.pdf','Bsc','automatic-control-robotics-electrical-engineering'),
('Electronics-and-power-electronics', 'Electronics and power electronics','Familiarization with the construction, parameters and applications of basic electronic components. Getting to know the principles of operation of analog and digital electronic circuits. Acquiring the ability to design electronic circuits at the basic level.',3,50,'Winter','Electronics-and-power-electronics.pdf','Bsc','automatic-control-robotics-electrical-engineering'),
('Information-technology-winter2', 'Information technology','Acquiring practical skills in creating a database in an MS Access environment. Learning visual-object programming in the .NET environment(MS Visual C#)',1,17,'Winter','Information-technology-winter2.pdf','Bsc','automatic-control-robotics-electrical-engineering'),
('English-winter2', 'English','To help the student achieve the ability to use general and field-specific language effectively, with respect to the following language skills: listening, reading, writing, speaking. To improve the student''s ability to function effectively on the international job market and in everyday life. ',2,35,'Winter','English-winter2.pdf','Bsc','automatic-control-robotics-electrical-engineering'),
('Electrical-machines-winter2', 'Electrical machines','Learning of construction, principles of operation, characteristics, exploitation properties and basic methods of analysis of typical operation states of transformers and induction machines. Learning of basic methods of calculation of magnetic circuits in electromagnetic converters.',2,35,'Winter','Electrical-machines-winter2.pdf','Bsc','automatic-control-robotics-electrical-engineering'),
('Mechanics-and-mechatronics', 'Mechanics and mechatronics','Cognizing and understanding the main concepts and laws of mechanics. Developing skills in modeling mechanical systems being parts of mechatronic systems and in solving problems related to the movement and the equilibrium of mechanical systems',2,38,'Winter','Mechanics-and-mechatronics.pdf','Bsc','automatic-control-robotics-electrical-engineering'),
('Metrology-winter2', 'Metrology','Knowledge of measurement methodology, attributes of modern measuring devices and equipment, principles of using analog and digital measuring devices, and evaluation of measurement results.',4,60,'Winter','Metrology-winter2.pdf','Bsc','automatic-control-robotics-electrical-engineering'),
('Basics-of-Lighting-Engineering', 'Mechanics and mechatronics','Providing students with basic information on visible radiation and the functioning of the eye, basic light quantities, basic laws of lighting technology, construction. To familiarize students with the construction, principle of operation and basic characteristics of electric lamps. Discussion of the basic normative requirements in the field of interior lighting, emergency lighting and road lighting.',5,70,'Winter','Basics-of-Lighting-Engineering.pdf','Bsc','automatic-control-robotics-electrical-engineering'),
('Electromagnetic-Field-Theory', 'Electromagnetic Field Theory','Understanding the physical quantities and laws of the electromagnetic field. Understanding the analytical methods used to calculate the parameters of the electromagnetic field.',5,90,'Winter','Electromagnetic-Field-Theory.pdf','Bsc','automatic-control-robotics-electrical-engineering'),
('Electrical-Power-Engineering', 'Electrical Power Engineering','Understanding the structure and characteristic features of the power system and the physical foundations of electricity generation in various types of power plants. Understanding the issues related to fuel combustion.',3,47,'Summer','Electrical-Power-Engineering.pdf','Bsc','automatic-control-robotics-electrical-engineering'),
('Electronics-and-power-electronics-summer2', 'Electronics and power electronics','Understanding the properties and basic power electronic characteristics of semiconductor devices. Getting to know the construction, principle of operation and properties of power electronics converters used. Learning selected power theories',4,70,'Summer','Electronics-and-power-electronics-summer2.pdf','Bsc','automatic-control-robotics-electrical-engineering'),
('English-summer2', 'English','To advance the student’s language competence towards level B2(CEFR).To help the student achieve  the ability to use general and field-specific language effectively, with respect to the following language skills: listening, reading, writing, speaking. To perfect the student’s ability to use field-specific texts and to familiarize the student with basic translation techniques. To develop the student''s ability to recognize and express cause-effect relationships.To foster the habit of logical thinking(analysis and synthesis of information).',4,67,'Summer','English-summer2.pdf','Bsc','automatic-control-robotics-electrical-engineering'),
('Computerization-of-design-in-electrical-engineering', 'Computerization of design in electrical engineering','Understanding selected numerical methods in application to solve problems in the field of circuit theory and power engineering, learning examples of tools for design in the field of broadly understood electrical engineering.',2,38,'Summer','Computerization-of-design-in-electrical-engineering.pdf','Bsc','automatic-control-robotics-electrical-engineering'),
('Electrical-machines-summer2', 'Electrical machines','Getting to know construction, principles of operation, characteristics, exploitation properties and basic methods of analysis of typical operation states of synchronous, commutator and special machines. Learning the fundamental methods of investigation and measurements of electrical machines',6,105,'Summer','Electrical-machines-summer2.pdf','Bsc','automatic-control-robotics-electrical-engineering'),
('Mechanics-and-mechatronics-summer2', 'Mechanics and mechatronics','The main goal is to obtain knowledge of the basics of mechatronics. Introduction to the design and principle of work of mechatronic devices',1,15,'Summer','Mechanics-and-mechatronics-summer2.pdf','Bsc','automatic-control-robotics-electrical-engineering'),
('Holiday-(summer)-internship', 'Holiday(summer) internship','Gaining practical knowledge of issues related to the field of study.',4,100,'Summer','Holiday-(summer)-internship.pdf','Bsc','automatic-control-robotics-electrical-engineering'),
('High-voltage-engineering', 'High voltage engineering','To know simple tasks connected to high voltage engineering. To know sources of test Voltage. To know methods of measurements of typical properties for high voltage engineering. To know fundamental definitions regarding to overvoltage protection. ',3,45,'Summer','High-voltage-engineering.pdf','Bsc','automatic-control-robotics-electrical-engineering'),
('Electrical-Power-Engineering-winter3', 'Electrical Power Engineering','Learning about the construction and principles of operation of gas-fired and gas-steam power plants and combined heat and power plants. The use of renewable sources for the production of electricity. Getting to know issues related to nuclear energy.',2,20,'Winter','Electrical-Power-Engineering-winter3.pdf','Bsc','automatic-control-robotics-electrical-engineering'),
('Electronics-and-power-electronics-winter3', 'Electronics and power electronics','Practical knowledge of propriety and basic characteristics of power electronics converters, rectifiers, AC/AC converters, AC/DC converters and inverters.',2,40,'Winter','Electronics-and-power-electronics-winter3.pdf','Bsc','automatic-control-robotics-electrical-engineering'),
('Computerization-of-design-in-electrical-engineering-winter3', 'Computerization of design in electrical engineering','Acquiring the ability to implement in the computer environment(MS Visual Studio C #) selected numerical methods in solving problems in the field of circuit theory and power engineering, learning examples of tools for design in the field of broadly understood electrical engineering',1,20,'Winter','Computerization-of-design-in-electrical-engineering-winter3.pdf','Bsc','automatic-control-robotics-electrical-engineering'),
('Renewable-energy-sources', 'Renewable energy sources','To acquaint students with the structure, principles of operation and application possibilities of renewable energy: photovoltaic, wind energy and water. Reason the need to replace conventional sources for renewable, due to the depletion of the former and growing environmental pollution. Presentation of new opportunities in the field of sourcing electricity',2,46,'Winter','Renewable-energy-sources.pdf','Bsc','automatic-control-robotics-electrical-engineering'),
('Optoelectronic', 'Optoelectronic','Providing students with basic knowledge in the field of optoelectronics and photonics useful in the design and application process min. in control and measurement, telecommunications, industrial and sensory systems.',1,15,'Winter','Optoelectronic.pdf','Bsc','automatic-control-robotics-electrical-engineering'),
('Semester-internship', 'Semester internship','Gaining practical knowledge of issues related to the field of study.',6,160,'Winter','Semester-internship.pdf','Bsc','automatic-control-robotics-electrical-engineering'),
('Transmission-and-distribution-of-electric-power-energy', 'Transmission and distribution of electric power energy','Acquaintance with the parameters and tasks of modern power systems, electricity transmission and distribution subsystems. Construction of AC transmission systems. Transmission of electricity over short and long distances. Control of power transmission in AC transmission systems. Application of current transmission systems.',5,73,'Winter','Transmission-and-distribution-of-electric-power-energy.pdf','Bsc','automatic-control-robotics-electrical-engineering'),
('Microprocessor-technology', 'Microprocessor technology','Thorough knowledge of theoretical and practical problems associated with the construction elements, components and microprocessor systems and the basis of their programming and design',4,61,'Winter','Microprocessor-technology.pdf','Bsc','automatic-control-robotics-electrical-engineering'),
('Electrical-devices', 'Electrical devices','Knowledge of phenomena occurring in electrical devices and systems as well as their mathematical and physical descriptions. Purchase of skills in the application of phenomena description to design of power supply and hazard assessment that can occurs in these systems. Experiment planning, selection of measurement instrument, realization of test set-up, researches performing and results analyzing.',2,44,'Winter','Electrical-devices.pdf','Bsc','automatic-control-robotics-electrical-engineering'),
('Introduction-to-telecommunication', 'Introduction to telecommunication','Providing students with knowledge related to basic signal processing and information transmission techniques(analogue and digital) in wired and wireless telecommunications systems. Acquisition and development of practical skills of measurement and analysis of antenna and transmission line parameters, as well as signal spectral analysis',3,50,'Winter','Introduction-to-telecommunication.pdf','Bsc','automatic-control-robotics-electrical-engineering'),
('Technical-Electrodynamics', 'Technical Electrodynamics','The student should obtain knowledge of the description and analysis of electromagnetic phenomena in electrical devices as well as knowledge of finite element method in electromagnetism.',3,53,'Summer','Technical-Electrodynamics.pdf','Bsc','automatic-control-robotics-electrical-engineering'),
('Ergonomics-and-safety-use-of-electrical-equipment', 'Ergonomics and safety use of electrical equipment','Understanding the hazards associated with electrical equipment and the principles and measures of protection against these hazards. Able to asses the nature and degree of electric shock and select measures of protection. Knows the general requirements of ergonomics and fulfill them in a limited way',2,44,'Summer','Ergonomics-and-safety-use-of-electrical-equipment.pdf','Bsc','automatic-control-robotics-electrical-engineering'),
('Optoelectronic-summer3', 'Optoelectronic','Knowledge of fundamentals of optoelectronics and photonics and the selected applications of modern optoelectronic devices and equipment',1,17,'Summer','Optoelectronic-summer3.pdf','Bsc','automatic-control-robotics-electrical-engineering'),
('Holiday-(summer)-internship-summer3', 'Holiday(summer) internship','Gaining practical knowledge of issues related to the field of study.',8,220,'Summer','Holiday-(summer)-internship-summer3.pdf','Bsc','automatic-control-robotics-electrical-engineering'),
('Semester-internship-summer3', 'Semester internship','Gaining practical knowledge of issues related to the field of study.',5,130,'Summer','Semester-internship-summer3.pdf','Bsc','automatic-control-robotics-electrical-engineering'),
('Diploma-seminar', 'Diploma seminar','The aim of the course is to explain the essence of an engineering diploma thesis, to present the issues proposed in the diploma theses in the field of thesis by students, and also to learn the principles of its editing and conducting literature recognition in the field of thesis',3,40,'Summer','Diploma-seminar.pdf','Bsc','automatic-control-robotics-electrical-engineering'),
('Electrical-devices-summer3', 'Electrical devices','Understanding the principles of operation of power equipment, systems and the role of transformer distribution stations, methods of analyzing the reliability of station work. Student is able to design the distribution station system and select the equipment. Planning the experiment, selection of measuring instruments and implementation of the testing system as well as carrying out tests and processing the results.',2,44,'Summer','Electrical-devices-summer3.pdf','Bsc','automatic-control-robotics-electrical-engineering'),
('Semester-internship-winter4', 'Semester internship','Gaining practical knowledge of issues related to the field of study.',7,180,'Winter','Semester-internship-winter4.pdf','Bsc','automatic-control-robotics-electrical-engineering'),
('Diploma-seminar-winter4', 'Diploma seminar','The aim of the course is to learn the principles of analysis and development of own research results, formulate conclusions, create presentations for the pu provide information on the diploma process(documents, dates, diploma exam, scope of exam issues) and prepare students for scientific research in the area of the completed field of study',7,180,'Winter','Diploma-seminar-winter4.pdf','Bsc','automatic-control-robotics-electrical-engineering'),
('Algebra-with-geometry','Algebra with Geometry','Provide students with basic knowledge of linear algebra in the field of applications in automation and robotics.',5,36,'Winter','Algebra-geometry.pdf','Bsc','automatic-control-robotics-electrical-engineering'),
('Mathematical-analysis','Mathematical Analysis','Knowledge in differential and integral calculus which is necessary to study engineering sciences. Skills for application of acquired knowledge to theoretical as well as practical problems in other subjects as physics, technical science',6,54,'Winter','Mathematical-analysis.pdf','Bsc','automatic-control-robotics-electrical-engineering'),
('Ergonomics','Ergonomics','Presenting basic issues concerning ergonomics in modern companies, as well as automation and robotics engineering and in everyday private life. Giving patterns for solving problems concerning the formation of conditions at work with use of, for example, diagnostics and reduction of occupational risk and designing ergonomic solutions. Giving the examples of ergonomic solutions designing: work stands by production machines and by computers. Presenting relations between technique, human well-being, ecology, economy and sociology.',2,10,'Winter','Ergonomics.pdf','Bsc','automatic-control-robotics-electrical-engineering'),
('Introduction-to-programming','Introduction to Programming','The purpose of the education module: 1. Acquainting with the methodology and principles of object oriented programming using the C ++ programming language. 2. Developing students ability to solve problems in the area of modeling and implementation of information systems. Students learn to simulate and analyze the operation of object-oriented IT programs, and plan and document the IT work done. 3. Developing programming skills for students. Creating awareness of the need for a professional approach to technical issues, meticulous familiarization with the documentation of UML-type IT systems. The student learns to set goals and define priorities leading to the implementation of the task through object-oriented implementation of the code.',5,36,'Winter','Introduction-to-programming.pdf','Bsc','automatic-control-robotics-electrical-engineering'),
('Occupational-Health-and-Safety-university-regulations-protection-of-intellectual-properties','Occupational Health and Safety, university regulations, protection of intellectual properties',' To familiarize students with rules, ordinances and regulations about health and safety at work. To acquaint students with the Basic issues of the methodology of human-oriented design as an operator and as an employee of machine service and other technical devices. Students will be familiarized with major legal regulations from the area of the copyright of the industrial property law and with procedures concerning inventions.',1,10,'Winter','Occupational-Health-and-Safety-university-regulations-protection-of-intellectual-properties.pdf','Bsc','engineering-management'),
('Information-technology','Information Technology','1. Providing students with knowledge of information technologies in the field of their use in automation and robotics. 2. Developing students'' skills to solve problems related to the use of information technologies.',3,18,'Winter','Information-technology.pdf','Bsc','automatic-control-robotics-electrical-engineering'),
('Numerical-methods-and-simulation','Numerical Methods and Simulation','Preparing students for using numerical skills in analysis and simulation of systems and processes of analysis in automation and robotics. The course discusses issues related to modeling and description of the phenomenon of growth in automation systems and applications as well as numerical methods of analysis of these systems',4,26,'Summer','Numerical-methods-and-simulation.pdf','Bsc','automatic-control-robotics-electrical-engineering'),
('Probability-and-statistics','Probability and statistics','Provide students with knowledge of probabilistic methods and the ability to use them to solve practical engineering problems. application of methods and tools of mathematical statistics for data analysis.',4,26,'Summer','Probability-and-statistics.pdf','Bsc','automatic-control-robotics-electrical-engineering'),
('Differential-equations-and-integral-transformations','Differential equations and integral transformations','1. Providing students with basic knowledge of the operator''s calculus(Laplace transformation, Z transformation and Fourier transformation basics). 2. To provide students with the basics of using these transformations to solve differential and recursive(differential) equations. 3. To familiarize students with the applications of operator calculus in the study of the dynamics of analog and digital systems. 4. Developing students'' teamwork skills.',5,36,'Summer','Differential-equations-and-integral-transformations.pdf','Bsc','automatic-control-robotics-electrical-engineering'),
('Circuit-theory','Circuit Theory','Course objective is to provide students with basic knowledge about phenomena in electrical systems and laws describing electrical circuits.',7,54,'Summer','Circuit-theory.pdf','Bsc','automatic-control-robotics-electrical-engineering'),
('Control-basics','Control basics','The lecture aims at presenting to students basic knowledge from control field, concerning especially linear control systems, to prepare them to describe and design tasks. Furthermore, it develops the abilities to describe control systems using formal mathematical language, their stability properties, and performance measures.',7,54,'Winter','Control-basics.pdf','Bsc','automatic-control-robotics-electrical-engineering'),
('Basics-of-electronics','Basics of electronics','1. Providing students with knowledge of basic electronic components, their structure and properties as well as basic analog and digital electronic circuits. 2. Developing students'' skills in testing and designing electronic circuits. 3. Developing students'' teamwork skills in performing laboratory exercises.',5,42,'Winter','Basics-of-electronics.pdf','Bsc','automatic-control-robotics-electrical-engineering'),
('Structured-and-object-oriented-programming','Structured and object-oriented programming','Purpose of the course: 1. Acquainting with the methodology and principles of structured and object-oriented programming using the C ++ programming language in the scope extended to that presented in semester I and elements of Python. 2. Acquainting with dynamic data structures and their implementation in C ++ and Python. Developing practical skills of adequate use of structures depending on the requirements 3. Ability to implement and adapt standard algorithms to solve a variety of problems, and issues related to computational complexity and optimization 4. Knowledge of basic application design patterns and an example of their use',5,38,'Summer','Structured-and-object-oriented-programming.pdf','Bsc','automatic-control-robotics-electrical-engineering'),
('Theory-and-Signal-Processing','Theory and Signal Processing','The purpose of the course is to provide students with the basics of knowledge about signal processing techniques and teach how to use this knowledge in practice. 2. Developing students'' problem-solving skills related to the selection of appropriate signal processing techniques for specific purposes with the use of computer systems. 3. Teaching the correct application of methods of signal analysis and processing.',8,64,'Winter','Theory-and-signal-processing.pdf','Bsc','automatic-control-robotics-electrical-engineering'),
('Engineering-Graphics','Engineering Graphics','Transfer of knowledge as well as education and development of skills regarding methods of preparing and reading technical drawings used in the documentation of elements of automation and robotics systems.',4,26,'Summer','Engineering-graphics.pdf','Bsc','automatic-control-robotics-electrical-engineering'),
('Mechanics-and-strength-of-materials','Mechanics and strength of materials','1. Provide students with basic knowledge of statics, kinematics, dynamics and endurance materials. 2. Presentation of construction methods of mathematical models describing real objects. 3. Developing students'' skills in solving simple problems in statics, kinematics and dynamics.',4,40,'Summer','Mechanics-and-strength-of-materials.pdf','Bsc','automatic-control-robotics-electrical-engineering'),
('Fundamentals-of-Robotics','Fundamentals of Robotics','1. Provide students with knowledge of the basics of robotics and in particular knowledge associated with manipulators to their substantive matters of robot dynamics and the synthesis and analysis of robot control systems. 2. Develop students'' ability to solve problems related to the mathematical description of the kinematics of the location and differential kinematics of manipulators.',5,38,'Summer','Fundamentals-of-Robotics.pdf','Bsc','automatic-control-robotics-electrical-engineering'),
('Control-of-continuous-and-discrete-processes','Control of continuous and discrete processes','1. Provide students with knowledge about the mathematical description and operation of discrete linear and selected nonlinear control systems. 2. Developing the ability to solve problems related to the control of discrete and selected nonlinear systems with an emphasis on formulating mathematical models of these systems. 3. Shaping in students the ability to find a mathematical description of a discrete linear control system, the selection of digital regulators, as well as the evaluation of their operation. 4. Developing the ability to formulate a mathematical description of selected continuous nonlinear control systems and their analysis.',7,54,'Summer','Control-of-continuous-and-discrete-processes.pdf','Bsc','automatic-control-robotics-electrical-engineering'),
('Digital-technology','Digital technology','The student acquires knowledge of the parameters and operation of basic digital systems. He or she acquaintses with methods of designing digital systems and ways of their realization in programmable systems.',4,26,'Summer','Digital-technology.pdf','Bsc','automatic-control-robotics-electrical-engineering'),
('Devices-of-automation-and-actuators','Devices of automation and actuators','Acquaintance with the basic knowledge of the: construction, principles of operation, and control of the special electrical, electromechanical, pneumatic, and hydraulic converters used in automation systems. Development of students'' skills in areas of construction, design, and analysis tasks as well as measurement verification in the laboratory. Creation of the awareness of the need for a professional approach to technical issues, scrupulous reading of the documentation of drives used in automation. Learning the students to set goals and priorities, leading to solving computational tasks and practical implementation of problem solutions.',5,36,'Winter','Devices-of-automation-and-actuators.pdf','Bsc','automatic-control-robotics-electrical-engineering'),
('Metrology-and-technical-measurement','Metrology and Technical Measurement','Knowledge of the measurement methodology, attributes of the modern measuring equipment, the principles of application of analog and digital devices, and the principles of the evaluation of measurement results.',3,30,'Winter','Metrology-and-technical-measurement.pdf','Bsc','automatic-control-robotics-electrical-engineering'),
('Modeling-and-control-of-robots','Modeling and control of robots','The aim of the course is: Prodviding students with the basic knowledge necessary to understand the issues of robot control. This includes the transfer of knowledge related to wheeled and handling robots in the scope of modeling their dynamics for control purposes. Developing students'' skills in solving problems related to the mathematical description of restrictions imposed on the movement of a mobile robot, manipulation robot control along a given trajectory, taking into account its dynamics model.',5,48,'Winter','Modeling-and-control-of-robots.pdf','Bsc','automatic-control-robotics-electrical-engineering'),
('Electric-drives','Electric Drives','Getting to know the construction, principles of operation as well as methods and structures of advanced control systems electric drive systems used in heavy industry, industrial robots, electric vehicles, aircrafts, household appliances',5,36,'Winter','Electric-drives.pdf','Bsc','automatic-control-robotics-electrical-engineering'),
('Programming-of-PLCs-and-industrial-controllers','Programming of PLCs and industrial controllers','1. To provide students with basic knowledge about programming and application of programmable  controllers in control processes, about algorithmization and writing a control program for the whole process(or one task) realized by a programmable controller, about using programming tools for control tasks. 2. To acquire the knowledge and skills to use programmable equipment for the realization of industrial process control, to acquire the ability to use the selected language intended for the programming of the control system, to acquire the ability to operate devices for the realization of digital control and tools used for the programming of industrial systems. 3. Developing students'' skills in solving problems in the field of configuration, programming and use of industrial control systems',5,36,'Winter','Programming-of-PLCs-and-industrial-controllers.pdf','Bsc','automatic-control-robotics-electrical-engineering'),
('Internship','Internship','Gaining practical knowledge of issues related to the field of study.',4,100,'Summer','Internship.pdf','Bsc','automatic-control-robotics-electrical-engineering'),
('Microprocessor-systems','Microprocessor systems','1. To provide students with basic knowledge about the architecture and programming of microcontrollers. 2. Developing students'' skills to solve problems related to data processing and communication using interfaces in microprocessor electronic systems. 3. Developing the importance of knowledge of standards and recommendations related to the construction and programming of microprocessor electronic devices in students.',5,36,'Summer','Microprocessor-systems.pdf','Bsc','automatic-control-robotics-electrical-engineering'),
('Control-theory','Control theory','1. Provide students with knowledge of control theory, in particular knowledge related to various automation systems, in order to prepare them substantively for issues related to their stability as well as synthesis and analysis of their control. 2. Developing students'' skills in solving problems related to the concept of stability in terms of Lyapunov and applying it to a wide class of automation systems. In addition, students will have the ability to construct various observers widely used in technology, optimization of control systems and dynamic programming',6,34,'Summer','Control-theory.pdf','Bsc','automatic-control-robotics-electrical-engineering'),
('System-identification','System identification ','Extension of student''s knowledge on designing and validation of experimental models, build based on measurement data taken from a plant; familiarization of student with selected identification techniques and methods, and shaping skills in implementation and practical utilization of identified models; shaping the skills for cooperation in a small team',4,31,'Winter','System-identification.pdf','Bsc','automatic-control-robotics-electrical-engineering'),
('Transition-project','Transition project','1. Practical use and consolidation of the student''s knowledge in the field of control systems and control and measurement systems as well as the analysis and synthesis of selected control systems on the basis of an independently solved problem in the field of automation and robotics. 2. Developing students'' ability to independently solve a given problem related to the issues from the first point. 3. Shaping students'' skills to share the obtained conclusions with the group and the ability to transfer the results of research work in an appropriate way.',5,36,'Winter','Transition-project.pdf','Bsc','automatic-control-robotics-electrical-engineering'),
('Real-time-systems','Real Time Systems','The aim goal of the course is to learn the principles of operation and the specifics of real-time systems, real-time operating systems and to learn the methodology for creating real-time applications and to acquire practical skills in creating real-time applications',5,36,'Winter','Real-time-systems.pdf','Bsc','automatic-control-robotics-electrical-engineering'),
('Preparation-for-scientific-research','Preparation for scientific research','The main aim of the seminar "Preparation for scientific research" is to present the basic methodology of conducting research in the field of Automation and Robotics and to present the subject of research conducted in the units assigned to this field',1,6,'Summer','Preparation-for-scientific-research.pdf','Bsc','automatic-control-robotics-electrical-engineering'),
('Diploma-thesis-preparation','Diploma Thesis Preparation','The aim of the course is to present students with the principles of preparing a diploma thesis from the substantive and editorial point of view, regulations and principles relevant to the implementation of this type of IT projects, the possibility of further training and developing awareness of the social role of a technical university graduate.',15,10,'Summer','Diploma-thesis-preparation.pdf','Bsc','automatic-control-robotics-electrical-engineering'),
('Library-services-(e-learning)', 'Library services(e-learning)','The student recognizes the basic hazards to health and life that are associated with his stay at the University. The student familiarize with the applicable regulations, management, regulations and rules of conduct in the event of hazards to occupational health and safety and fire safety at the Poznań University of Technology.',0,0,'Winter','Library-services-(e-learning).pdf','Bsc','engineering-management'),
('A-Short-Course-in-Occupational-Safety', 'A Short Course in Occupational Safety','To give students information concerning the basics of library organization and its services. The need of the first year students education in the range of ability of using parental information resources by means of distance learning.',0,4,'Winter','A-Short-Course-in-Occupational-Safety.pdf','Bsc','engineering-management'),
('Advanced-Functions-of-MS Office ', 'Advanced Functions of MS Office','Students should acquire proficiency in using a spreadsheet in the field of engineering calculations, including selected optimization issues. They should also acquire the ability to freely and efficiently use a text editor to edit documents.',3,30,'Winter','Advanced-Functions-of-MS-Office.pdf','Bsc','engineering-management'),
('Basics-of-management', 'Basics of management','Teaching a system of basic concepts used to describe the management process and models, methods and principles explaining basic aspects of the management phenomenon.',5,60,'Winter','Basics-of-management.pdf','Bsc','engineering-management'),
('Computer-aided-Engineering-Drawing', 'Computer-aided Engineering Drawing','Introduction of the most important information from the field of technical drawing including Polish standards.',4,30,'Winter','Computer-aided-Engineering-Drawing.pdf','Bsc','engineering-management'),
('Introduction-to-Engineering', 'Introduction to Engineering','To familiarize students with the basic problems associated with the development of technology, make aware of the logic of changes in manufacturing techniques and human relationships with technology and the environment. The systemic nature of these compounds is emphasized. Familiarizing students with modern trends in the development of technology and technology as well as the organization of human work aims to develop practical skills in identifying, understanding and describing contemporary techniques and technologies used in mechanical engineering).',5,45,'Winter','Introduction-to-Engineering.pdf','Bsc','engineering-management'),
('Microeconomics', 'Microeconomics','To familiarize students with the basic concepts of the theory of microeconomics. Transfer of knowledge about the principles of market operation. To familiarize students with the basic tools of microeconomic analysis. Acquiring the skills of independent decision-making by the students from the consumer and producer point of view.',5,65,'Winter','Microeconomics.pdf','Bsc','engineering-management'),
('Organizational-behavior', 'Organizational-behavior','Understand main functions of ogranized team work systems, methods of analyzing and assessing their functioning',3,30,'Winter','Organizational-behavior.pdf','Bsc','engineering-management'),
('Physical-Exercises', 'Physical Exercises','Educational: To learn techniques and tactics of the game that will be used daily at work, to learn how to organize a game, contest or tournament with proper scoring and refereeing. Educational: Respect for the rival and colleague, being able to support, motivate and encourage the partner, who is not doing well in the game. Cooperation with and respect for the judge. Health: To know how to organize spare time, to spend this time effectively, caring for function and fitness, to learn the proper hygienic habits that will have a positive effect on work’s efficiency.',0,30,'Winter','Physical-Exercises.pdf','Bsc','engineering-management'),
('Computer-Programming-1', 'Computer Programming 1','Strengthening basic programming skills based on the C # language.',3,45,'Summer','Computer-Programming-1.pdf','Bsc','engineering-management'),
('Organization-Theory', 'Organization-Theory','Teaching a system of basic concepts used to describe the organization and teaching models, methods and principles explaining basic aspects of functioning of contemporary organizations',5,45,'Summer','Organization-Theory.pdf','Bsc','engineering-management'),
('Physical-Exercises-summer', 'Physical Exercises','Educational: To learn techniques and tactics of the game that will be used daily at work, to learn how to organize a game, contest or tournament with proper scoring and refereeing. Educational: Respect for the rival and colleague, being able to support, motivate and encourage the partner, who is not doing well in the game. Cooperation with and respect for the judge. Health: To know how to organize spare time, to spend this time effectively, caring for function and fitness, to learn the proper hygienic habits that will have a positive effect on work’s efficiency.',0,3,'Summer','Physical-Exercises.pdf','Bsc','engineering-management'),
('Computer-Programming-2', 'Computer Programming 2','The aim of the course is to provide students with knowledge of database design used in information management systems.',5,75,'Winter','Computer-Programming-2.pdf','Bsc','engineering-management'),
('Financial-Accounting', 'Financial-Accounting','The course objective is 1. To familiarize students with the principles in force in accounting, in particular in the process of measuring and accounting for economic events and their accounting records. 2. Understanding the basic principles of preparing and "reading" financial statements.',4,45,'Winter','Financial-Accounting.pdf','Bsc','engineering-management'),
('Marketing', 'Marketing','The aim of the course is to acquire knowledge, skills and competences in the field of concepts, issues, regularities and methods of solving marketing problems.',5,45,'Winter','Marketing.pdf','Bsc','engineering-management'),
('Strength-of-materials', 'Strength of materials','Introduction to the basic principles of mechanics of deformable bodies',4,60,'Winter','Strength-of-materials.pdf','Bsc','engineering-management'),
('Financial-Accounting-summer', 'Financial-Accounting-summer','To acquaint students with in-depth issues of financial accounting, preparation for business operations, learning the functional functions of selected software.',4,45,'Summer','Financial-Accounting-summer.pdf','Bsc','engineering-management'),
('Human-Resources-Management', 'Human Resources Management','The aim is to get students to know the problems of Human Resource Management, especially related to the position of the head(and leadership) team.',2,30,'Summer','Human-Resources-Management.pdf','Bsc','engineering-management'),
('Law-Elements', 'Law Elements','Providing students with basic knowledge on the legal system and branches of law',4,60,'Summer','Law-Elements.pdf','Bsc','engineering-management'),
('Machine-Technology-and-Design-of-Production-Processes-1', 'Machine Technology and Design of Production Processes 1','The aim of the course is to familiarize students with theoretical and practical issues in the field of manufacturing techniques applied in the machine industry, with particular emphasis on market economy conditions',4,60,'Summer','Machine-Technology-and-Design-of-Production-Processes-1.pdf','Bsc','engineering-management'),
('Payment-Systems', 'Payment-Systems','The aim of the course is to familiarize students with classic and modern remuneration systems, as well as to teach practical skills in shaping the remuneration system.',3,30,'Summer','Payment-Systems.pdf','Bsc','engineering-management'),
('Software-engineering', 'Software engineering','To familiarize students with the methods and CASEs of software engineering used in the design of information management systems.',2,30,'Summer','Software-engineering.pdf','Bsc','engineering-management'),
('Financing-of-enterprise', 'Financing of enterprise','The aim of the course is to familiarize students with the process of controlling the company''s finances. Students will develop practical skills related to raising capital for the enterprise and its allocation in the company''s assets in order to maximize benefits for owners. The aim of the course is also to develop skills in assessing the financial situation of an enterprise based on the analysis of financial statements and assessment of the effectiveness of material investments',4,50,'Winter','Financing-of-enterprise.pdf','Bsc','engineering-management'),
('Machine-Technology-and-Design-of-Production-Processes-2', 'Machine Technology and Design of Production Processes 2','-The aim of the course is to familiarize students with theoretical and practical issues in the field of manufacturing techniques applied in the machine industry, with particular emphasis on market economy conditions. Developing a project on machine technology',4,50,'Winter','Machine-Technology-and-Design-of-Production-Processes-2.pdf','Bsc','engineering-management'),
('Marketing-Research', 'Marketing Research','Developing the potential of knowledge, skills and attitudes in creating and implementing a marketing research process.',4,60,'Winter','Marketing-Research.pdf','Bsc','engineering-management'),
('Production-management', 'Production Management','To familiarize students with the basics of production management.',5,60,'Winter','Production-management.pdf','Bsc','engineering-management'),
('Quality-management', 'Quality Management','Acquiring knowledge and skills related to engineering aspects of product and process quality, in particular regarding quality evaluation, methods of product quality control as well as critical process control points and their supervision',4,50,'Winter','Quality-management.pdf','Bsc','engineering-management'),
('Theoretical-basics-of-quality', 'Theoretical basics of quality','Getting to know methodology of qualitative approach in researching and shaping reality',1,15,'Winter','Theoretical-basics-of-quality.pdf','Bsc','engineering-management'),
('Infrastructure-of-Industry-4.0', 'Infrastructure of Industry 4.0','The aim of the course is to familiarize students with the basic concepts related to industry 4.0 and its impact on the functioning of enterprises in terms of program and server infrastructure.',2,15,'Summer','Infrastructure-of-Industry-4.0.pdf','Bsc','engineering-management'),
('Intellectual-Property', 'Intellectual Property',' To provide students with basic knowledge regarding intellectual property protection and management to a certain extent. Developing students'' skills to solve problems related to intellectual property Developing teamwork skills in students',2,15,'Summer','Intellectual-Property.pdf','Bsc','engineering-management'),
('Knowledge-based-economy', 'Knowledge-based economy','The aim of the course is to familiarize students with the conditions, models and concepts of development modern organizations in the conditions of the knowledge-based economy.',3,45,'Summer','Knowledge-based-economy.pdf','Bsc','engineering-management'),
('Management-information-systems', 'Management-information-systems','Understand the role of information in the enterprise management process, including: data collection and interpretation supporting decision-making processes affecting the efficiency of the enterprise. The ability to model management information systems. ',3,30,'Summer','Management-information-systems.pdf','Bsc','engineering-management'),
('Production-management-summer', 'Production Management','To familiarize students with the basics of production management.',4,45,'Summer','Production-Management-summer.pdf','Bsc','engineering-management'),
('Diploma-Seminar-with-introduction-to-scientific-research', 'Diploma Seminar with introduction to scientific research','A substantive and formal preparation for writing an engineering thesis by familiarizing with the methodology of preparing an engineering thesis and the ability to present and discuss management problems',2,15,'Winter','Diploma-Seminar-with-introduction-to-scientific-research.pdf','Bsc','engineering-management'),
('Team-Project', 'Team Project','Getting to know the methodology and help in the preparation and writing of an engineering thesis',15,90,'Winter','Team-Project.pdf','Bsc','engineering-management');

INSERT INTO coordinator(name, last_name, email) VALUES
('Dariusz','Brzezinski','Dariusz.Brzezinski@cs.put.poznan.pl'),
('Sylwia','Kopczyńska','Sylwia.Kopczynska@cs.put.poznan.pl'),
('Mirosław','Ochodek','Miroslaw.Ochodek@cs.put.poznan.pl'),
('Bartosz','Walter','Bartosz.Walter@put.poznan.pl'),
('Michal','Mackowiak','Michal.Mackowiak@put.poznan.pl'),
('Michal','Tomczyk','Michal.Tomczyk@cs.put.poznan.pl'),
('Maciej','Piernik','Maciej.Piernik@cs.put.poznan.pl'),
('Robert','Susmaga','Robert.Susmaga@cs.put.poznan.pl'),
('Ewa','Hołubowicz','Ewa.Holubowicz@put.poznan.pl'),
('Wiesław', 'Grzybowski', 'Wieslaw.Grzybowski@put.poznan.pl'),
('Adam', 'Buczek', 'Adam.Buczek@put.poznan.pl'),
('Maciej', 'Berdychowski', 'Maciej.Berdychowski@put.poznan.pl'),
('Dominik', 'Wilczyński', 'Dominik.Wilczynski@put.poznan.pl'),
('Wojciech', 'Szeląg', 'Wojciech.Szelag@put.poznan.pl'),
('Jarosław', 'Gielniak', 'Jaroslaw.Gielniak@put.poznan.pl'),
('Marian', 'Liskowski', 'Marian.Liskowski@put.poznan.pl'),
('Leszek', 'Kasprzyk', 'Leszek.Kasprzyk@put.poznan.pl'),
('Karol', 'Hejne', 'Karol.Hejne@put.poznan.pl'),
('Arkadiusz', 'Dobrzycki', 'Arkadiusz.Dobrzycki@put.poznan.pl'),
('Andrzej', 'Graczkowski', 'Andrzej.Graczkowski@put.poznan.pl'),
('Krystyna', 'Ciesielska', 'Krystyna.Ciesielska@put.poznan.pl'),
('Andrzej', 'Demenko', 'Andrzej.Demenko@put.poznan.pl'),
('Lech', 'Nowak', 'Lech.Nowak@put.poznan.pl'),
('Barbara', 'Szyszka', 'Barbara.Szyszka@put.poznan.pl'),
('Arkadiusz', 'Hulewicz', 'Arkadiusz.Hulewicz@put.poznan.pl'),
('Przemysław', 'Otomański', 'Przemyslaw.Otomanski@put.poznan.pl'),
('Andrzej', 'Tomczewski', 'Andrzej.Tomczewski@put.poznan.pl'),
('Andrzej', 'Kwapisz', 'Andrzej.Kwapisz@put.poznan.pl'),
('Joanna', 'Ziętkiewicz', 'Joanna.Zietkiewicz@put.poznan.pl'),
('Michał', 'Gwóźdź', 'Michal.Gwozdz@put.poznan.pl'),
('Grażyna', 'Sypniewska-Kamińska', 'Grazyna.Sypniewska-Kaminska@put.poznan.pl'),
('Krzysztof', 'Wanadchowicz', 'Wanadchowicz@put.poznan.pl'),
('Małgorzata', 'Zalesińska', 'Malgorzata.Zalesinska@put.poznan.pl'),
('Wojciech', 'Machczyński', 'Wojciech.Machczynski@put.poznan.pl'),
('Justyna', 'Michalak', 'Justyna.Michalak@put.poznan.pl'),
('Michał', 'Krystkowiak', 'Michal.Krystkowiak@put.poznan.pl'),
('Dorota', 'Stachowiak', 'Dorota.Stachowiak@put.poznan.pl'),
('Amadeusz', 'Gąsiorek', 'Amadeusz.Gasiorek@put.poznan.pl'),
('Grzegorz', 'Trzmiel', 'Grzegorz.Trzmiel@put.poznan.pl'),
('Dariusz', 'Prokop', 'Dariusz.Prokop@put.poznan.pl'),
('Krzysztof', 'Szubert' , 'Krzysztof.Szubert@put.poznan.pl'),
('Krzysztof', 'Siodła', 'Krzysztof.Siodla@put.poznan.pl'),
('Grzegorz', 'Dombek', 'Grzegorz.Dombek@put.poznan.pl'),
('Rafał', 'Wojciechowskie', 'Rafal.Wojcieiechowski@put.poznan.pl'),
('Joanna', 'Parzych', 'Joanna.Parzych@put.poznan.pl'),
('Szymon', 'Drgas', 'Szymon.Drgas@put.poznan.pl'),
('Damian', 'Cetnarowicz', 'Damian.Cetnarowicz@put.poznan.pl'),
('Edwin', 'Tytyk', 'Edwin.Tytyk@put.poznan.pl'),
('Jakub', 'Kołota', 'Jakub.Kolota@put.poznan.pl'),
('Rafał', 'Kapela', 'Rafal.Kapela@put.poznan.pl'),
('Rafał', 'Kabaciński', 'Rafal.Kabacinski@put.poznan.pl'),
('Paweł', 'Szulczyński', 'Pawel.Szulczynski@put.poznan.pl'),
('Jarosław', 'Ruczkowski', 'Jaroslaw.Ruczkowski@put.poznan.pl'),
('Janusz', 'Pochmara', 'Janusz.Pochmara@put.poznan.pl'),
('Sławomir', 'Stępień', 'Slawomir.Stepien@put.poznan.pl'),
('Ewa', 'Bakinowska', 'Ewa.Bakinowska@put.poznan.pl'),
('Aleksandra', 'Świtlicka', 'Aleksandra.Swietlicka@put.poznan.pl'),
('Jakub', 'Bernat', 'Jakub.Bernat@put.poznan.pl'),
('Stefan', 'Brock', 'Stefan.Brock@put.poznan.pl'),
('Dariusz', 'Horla', 'Dariusz.Horla@put.poznan.pl'),
('Krzysztof', 'Kozłowski', 'Krzysztof.Kozlowski@put.poznan.pl'),
('Paweł', 'Pawłowski', 'Pawel.Pawlowski@put.poznan.pl'),
('Piotr', 'Kaczmarek', 'Piotr.Kaczmarek@put.poznan.pl'),
('Tomasz', 'Marciniak', 'Tomasz.Marciniak@put.poznan.pl'),
('Adam', 'Turkot', 'Adam.Turkot@put.poznan.pl'),
('Paweł', 'Drapikowski', 'Pawel.Drapikowski@put.poznan.pl'),
('Przemysław', 'Herman',  'Przemyslaw.Herman@put.poznan.pl'),
('Jarosław', 'Warczyński', 'Jaroslaw.Warczynski@put.poznan.pl'),
('Piotr', 'Dutkiewicz', 'Piotr.Dutkiewicz@put.poznan.pl'),
('Konrad', 'Urbański',  'Konrad.Urbanski@put.poznan.pl'),
('Stanisław', 'Gardecki',  'Stanislaw.Gardecki@put.poznan.pl'),
('Michał', 'Bołtrukiewicz',  'Michal.Boltrukiewicz@put.poznan.pl'),
('Zbigniew', 'Krawiecki',  'Zbigniew.Krawiecki@put.poznan.pl'),
('Tomasz', 'Pajchrowski', 'Tomasz.Pajchrowski@put.poznan.pl'),
('Jarosław', 'Majchrzak', 'Jaroslaw.Majchrzak@put.poznan.pl'),
('Krzysztof', 'Wandachowicz', 'Krzysztof.Wandachowicz@put.poznan.pl'),
('Dominik', 'Łuczak', 'Dominik.Luczak@put.poznan.pl'),
('Andrzej', 'Kasiński', 'Andrzej.Kasinski@put.poznan.pl'),
('Maciej', 'Marcin Michałek', 'Maciej.Michalek@put.poznan.pl'),
('Dariusz', 'Pazderski', 'Dariusz.Pazderski@put.poznan.pl'),
('Karolina', 'Popławska', 'Karolina.Poplawska@put.poznan.pl'),
('Adam', 'Górny', 'Adam.Gorny@put.poznan.pl'),
('Sebastian', 'Kubasiński', 'Sebastian.Kubasinski@put.poznan.pl'),
('Zbigniew', 'Włodarczak', 'Zbigniew.Wlodarczak@put.poznan.pl'),
('Stefan', 'Trzcieliński', 'Stefan.Trzcielinski@put.poznan.pl'),
('Edmund', 'Pawłowski', 'Edmund.Pawlowski@put.poznan.pl'),
('Józef', 'Gruszka', 'Jozef.Gruszka@put.poznan.pl'),
('Katarzyna', 'Szwedzka', 'Katarzyna.Szwedzka@put.poznan.pl'),
('Grzegorz', 'Grzegorczyk', 'Grzegorz.Grzegorczyk@put.poznan.pl'),
('Marek', 'Szczepański', 'Marek.Szczepanski@put.poznan.pl'),
('Mariya', 'Khmelyarchuk', 'Mariya.Khmelyarchuk@put.poznan.pl'),
('Oksana', 'Erdeli-Klyap', 'Oksana.Erdeli-Klyap@put.poznan.pl'),
('Weronika', 'Ratkowska', 'Weronika.Ratkowsak@put.poznan.pl'),
('Stela', 'Chelwing', 'Stela.Chelwing@put.poznan.pl'),
('Michał', 'Trziszka', 'Michal.Trziszka@put.poznan.pl'),
('Joanna', 'Małecka', 'Joanna.Malecka@put.poznan.pl'),
('Jarosław', 'Jakubowicz', 'Jaroslaw.Jakubowicz@put.poznan.pl'),
('Agnieszka', 'Grzelczak', 'Agnieszka.Grzelczak@put.poznan.pl'),
('Krzysztof', 'Talaśka', 'Krzysztof.Talaska@put.poznan.pl'),
('Aleksandra', 'Dewicka', 'Aleksandra.Dewicka@put.poznan.pl'),
('Karolina', 'Bondarowska', 'Karolina.Bondarowska@put.poznan.pl'),
('Krzysztof', 'Jakubiak', 'Krzysztof.Jakubiak@put.poznan.pl'),
('Maciej', 'Szafrański', 'Maciej.Szafranski@put.poznan.pl'),
('Marek', 'Goliński', 'Marek.Golinski@put.poznan.pl'),
('Piotr', 'Stasiewicz', 'Piotr.Stasiewicz@put.poznan.pl'),
('Agnieszka', 'Krugiełka', 'Agnieszka.Krugielka@put.poznan.pl'),
('Paulina', 'Kubera', 'Paulina.Kubera@put.poznan.pl'),
('Hanna', 'Włodarkiewicz-Klimek', 'Hanna.Wlodarkiewicz-klimek@put.poznan.pl'),
('Joanna', 'Kałkowska', 'Joanna.Kalkowska@put.poznan.pl'),
('Magdalena', 'Wyrwicka', 'Magdalena.Wyrwicka@put.poznan.pl'),
('Katarzyna', 'Ragin-Skorecka', 'Katarzyna.Ragin-Skorecka@put.poznan.pl'),
('Alina', 'Gleska', 'Alina.Gleska@put.poznan.pl'),
('Arkadiusz', 'Borowiec', 'Arkadiusz.Borowiec@put.poznan.pl'),
('Małgorzata', 'Jasiulewicz-Kaczmarek', 'Malgorzata.Jasiulewicz-Kaczmarek@put.poznan.pl'),
('Anna', 'Mazur', 'Anna.Mazur@put.poznan.pl'),
('Agnieszka', 'Misztal', 'Agnieszka.Misztal@put.poznan.pl'),
('Jakub', 'Pawlak', 'Jakub.Pawlak@put.poznan.pl'),
('Anna', 'Zwolankiewicz', 'Anna.Zwolankiewicz@put.poznan.pl'),
('Aleksander', 'Jurga', 'Aleksander.Jurga@put.poznan.pl'),
('', '', 'office_demf@put.poznan.pl');

INSERT INTO course_coordinators(course_id, coordinators_email) VALUES
('object-programming','Dariusz.Brzezinski@cs.put.poznan.pl'),
('quality-management-experimental-software-engineering','Sylwia.Kopczynska@cs.put.poznan.pl'),
('quality-management-experimental-software-engineering','Miroslaw.Ochodek@cs.put.poznan.pl'),
('software-architecture-and-verification','Bartosz.Walter@put.poznan.pl'),
('software-architecture-and-verification','Michal.Mackowiak@put.poznan.pl'),
('software-development-studio-2','Sylwia.Kopczynska@cs.put.poznan.pl'),
('software-development-studio-2','Miroslaw.Ochodek@cs.put.poznan.pl'),
('operational-research','Michal.Tomczyk@cs.put.poznan.pl'),
('internet-applications','Maciej.Piernik@cs.put.poznan.pl'),
('information-theory','Robert.Susmaga@cs.put.poznan.pl'),
('career-resources','Ewa.Holubowicz@put.poznan.pl'),
('Occupational-health-and-safety', 'Wieslaw.Grzybowski@put.poznan.pl'),
('Physics','Adam.Buczek@put.poznan.pl'),
('Geometry-and-engineering-graphics', 'Maciej.Berdychowski@put.poznan.pl'),
('Geometry-and-engineering-graphics', 'Dominik.Wilczynski@put.poznan.pl'),
('Information-Engineering', 'Wojciech.Szelag@put.poznan.pl'),
('Materials-engineering', 'Jaroslaw.Gielniak@put.poznan.pl'),
('Mathematics', 'Marian.Liskowski@put.poznan.pl'),
('Circuits-theory', 'Leszek.Kasprzyk@put.poznan.pl'),
('Physical-education', 'Karol.Hejne@put.poznan.pl'),
('Information-technology', 'Arkadiusz.Dobrzycki@put.poznan.pl'),
('Materials-engineering-Summer', 'Andrzej.Graczkowski@put.poznan.pl'),
('English', 'Krystyna.Ciesielska@put.poznan.pl'),
('Electrical-machines', 'Andrzej.Demenko@put.poznan.pl'),
('Electrical-machines', 'Lech.Nowak@put.poznan.pl'),
('Mathematics-Summer', 'Marian.Liskowski@put.poznan.pl'),
('Numerical-methods', 'Barbara.Szyszka@put.poznan.pl'),
('Metrology', 'Arkadiusz.Hulewicz@put.poznan.pl'),
('Metrology', 'Przemyslaw.Otomanski@put.poznan.pl'),
('Circuits-theory-Summer', 'Andrzej.Tomczewski@put.poznan.pl'),
('Physical-education-Summer', 'Karol.Hejne@put.poznan.pl'),
('Automation-and-automatic-regulation', 'Andrzej.Kwapisz@put.poznan.pl'),
('Automation-and-automatic-regulation', 'Joanna.Zietkiewicz@put.poznan.pl'),
('Electronics-and-power-electronics', 'Michal.Gwozdz@put.poznan.pl'),
('Information-technology-winter2', 'Michal.Gwozdz@put.poznan.pl'),
('English-winter2', 'Krystyna.Ciesielska@put.poznan.pl'),
('Electrical-machines-winter2', 'Andrzej.Demenko@put.poznan.pl'),
('Electrical-machines-winter2', 'Lech.Nowak@put.poznan.pl'),
('Mechanics-and-mechatronics', 'Grazyna.Sypniewska-kaminska@put.poznan.pl'),
('Metrology-winter2', 'Arkadiusz.Hulewicz@put.poznan.pl'),
('Metrology-winter2', 'Przemyslaw.Otomanski@put.poznan.pl'),
('Basics-of-Lighting-Engineering', 'Wanadchowicz@put.poznan.pl'),
('Basics-of-Lighting-Engineering', 'Malgorzata.Zalesinska@put.poznan.pl'),
('Electromagnetic-Field-Theory', 'Wojciech.Machczynski@put.poznan.pl'),
('Electrical-Power-Engineering', 'Justyna.Michalak@put.poznan.pl'),
('Electronics-and-power-electronics-summer2', 'Michal.Krystkowiak@put.poznan.pl'), 
('English-summer2', 'Krystyna.Ciesielska@put.poznan.pl'),
('Computerization-of-design-in-electrical-engineering', 'Leszek.Kasprzyk@put.poznan.pl'),
('Electrical-machines-summer2', 'Andrzej.Demenko@put.poznan.pl'), 
('Electrical-machines-summer2', 'Lech.Nowak@put.poznan.pl'),
('Mechanics-and-mechatronics-summer2', 'Dorota.Stachowiak@put.poznan.pl'),
-- ('Holiday-(summer)-internship', 'Krzysztof.Wanadchowicz@put.poznan.pl'),
-- ('High-voltage-engineering', 'Krzysztof.Wanadchowicz@put.poznan.pl'),
-- ('Electrical-Power-Engineering-winter3', 'Justyna.Michalak@put.poznan.pl'),
-- ('Electronics-and-power-electronics-winter3', 'Michal.Krystkowiak@put.poznan.pl'),
-- ('Electronics-and-power-electronics-winter3','Amadeusz.Gasiorek@put.poznan.pl'),
-- ('Computerization-of-design-in-electrical-engineering-winter3', 'Leszek.Kasprzyk@put.poznan.pl'),
-- ('Renewable-energy-sources', 'Grzegorz.Trzmiel@put.poznan.pl'),
-- ('Optoelectronic', 'Dariusz.Prokop@put.poznan.pl'),
-- ('Semester-internship', 'Krzysztof.Wanadchowicz@put.poznan.pl'),
-- ('Transmission-and-distribution-of-electric-power-energy', 'Krzysztof.Szubert@put.poznan.pl'),
-- ('Microprocessor-technology', 'Grzegorz.Trzmiel@put.poznan.pl'),
-- ('High-voltage-engineering-winter3', 'Krzysztof.Siodla@put.poznan.pl'),
-- ('Electrical-devices', 'Grzegorz.Dombek@put.poznan.pl'),
-- ('Introduction-to-telecommunication', 'Andrzej.Tomczewski@put.poznan.pl'),
-- ('Technical-Electrodynamics', 'Rafal.Wojcieiechowski@put.poznan.pl'),
-- ('Technical-Electrodynamics', 'Andrzej.Demenko@put.poznan.pl'),
-- ('Ergonomics-and-safety-use-of-electrical-equipment', 'Grzegorz.Dombek@put.poznan.pl'),
-- ('Optoelectronic-summer3', 'Joanna.Parzych@put.poznan.pl'),
-- ('Holiday-(summer)-internship-summer3', 'Krzysztof.Wanadchowicz@put.poznan.pl'),
-- ('Semester-internship-summer3', 'Krzysztof.Wanadchowicz@put.poznan.pl'),
-- ('Diploma-seminar', ''),
-- ('Electrical-devices-summer3', 'Krzysztof.Wanadchowicz@put.poznan.pl'),
-- ('Semester-internship-winter4', 'Krzysztof.Wanadchowicz@put.poznan.pl'),
-- ('Diploma-seminar-winter4', ''),
('Algebra-with-geometry', 'Damian.Cetnarowicz@put.poznan.pl'),
('Algebra-with-geometry', 'Szymon.Drgas@put.poznan.pl'),
('Mathematical-analysis', 'Marian.Liskowski@put.poznan.pl'),
('Introduction-to-programming', 'Rafal.Kapela@put.poznan.pl'),
('Introduction-to-programming', 'Jakub.Kolota@put.poznan.pl'),
('Occupational-Health-and-Safety-university-regulations-protection-of-intellectual-properties', 'Wieslaw.Grzybowski@put.poznan.pl'),
('Information-technology', 'Pawel.Szulczynski@put.poznan.pl'), 
('Information-technology', 'Rafal.Kabacinski@put.poznan.pl'),
('Physics', 'Jaroslaw.Ruczkowski@put.poznan.pl'),
('Numerical-methods-and-simulation', 'Slawomir.Stepien@put.poznan.pl'), 
('Numerical-methods-and-simulation', 'Janusz.Pochmara@put.poznan.pl'),
('Probability-and-statistics', 'Ewa.Bakinowska@put.poznan.pl'),
('Differential-equations-and-integral-transformations', 'Aleksandra.Swietlicka@put.poznan.pl'),
('Differential-equations-and-integral-transformations', 'Janusz.Pochmara@put.poznan.pl'),
('Circuit-theory', 'Stefan.Brock@put.poznan.pl'), 
('Circuit-theory', 'Jakub.Bernat@put.poznan.pl'),
('Control-basics', 'Krzysztof.Kozlowski@put.poznan.pl'),
('Control-basics', 'Dariusz.Horla@put.poznan.pl'),
('Basics-of-electronics', 'Pawel.Pawlowski@put.poznan.pl'),
('Structured-and-object-oriented-programming', 'Piotr.Kaczmarek@put.poznan.pl'),
('Theory-and-Signal-Processing', 'Tomasz.Marciniak@put.poznan.pl'),
('Engineering-Graphics', 'Pawel.Drapikowski@put.poznan.pl'),
('Engineering-Graphics', 'Adam.Turkot@put.poznan.pl'),
('Mechanics-and-strength-of-materials', 'Przemyslaw.Herman@put.poznan.pl'),
('Fundamentals-of-Robotics', 'Piotr.Dutkiewicz@put.poznan.pl'), 
('Fundamentals-of-Robotics', 'Jaroslaw.Warczynski@put.poznan.pl'), 
('Control-of-continuous-and-discrete-processes', 'Pawel.Szulczynski@put.poznan.pl'),
('Digital-technology', 'Konrad.Urbanski@put.poznan.pl'),
('Devices-of-automation-and-actuators', 'Stanislaw.Gardecki@put.poznan.pl'),
('Devices-of-automation-and-actuators', 'Slawomir.Stepien@put.poznan.pl'),
('Metrology-and-technical-measurement', 'Zbigniew.Krawiecki@put.poznan.pl'),
('Metrology-and-technical-measurement', 'Michal.Boltrukiewicz@put.poznan.pl'),
('Modeling-and-control-of-robots', 'Piotr.Dutkiewicz@put.poznan.pl'),
('Modeling-and-control-of-robots', 'Jaroslaw.Warczynski@put.poznan.pl'),
('Electric-drives', 'Tomasz.Pajchrowski@put.poznan.pl'),
('Programming-of-PLCs-and-industrial-controllers', 'Jaroslaw.Majchrzak@put.poznan.pl'),
('Internship', 'Krzysztof.Wandachowicz@put.poznan.pl'),
('Microprocessor-systems', 'Dominik.Luczak@put.poznan.pl'),
('Microprocessor-systems', 'Tomasz.Marciniak@put.poznan.pl'),
('Control-theory', 'Krzysztof.Kozlowski@put.poznan.pl'),
('Control-theory', 'Andrzej.Kasinski@put.poznan.pl'),
('System-identification', 'Joanna.Zietkiewicz@put.poznan.pl'),
('System-identification', 'Maciej.Michalek@put.poznan.pl'),
('Transition-project', 'Dariusz.Pazderski@put.poznan.pl'),
('Transition-project', 'Piotr.Dutkiewicz@put.poznan.pl'),
('Real-time-systems', 'Jaroslaw.Warczynski@put.poznan.pl'),
('Real-time-systems', 'Janusz.Pochmara@put.poznan.pl'),
('Preparation-for-scientific-research', 'Krzysztof.Kozlowski@put.poznan.pl'),
('Preparation-for-scientific-research', 'Andrzej.Kasinski@put.poznan.pl'),
('Diploma-thesis-preparation', 'Krzysztof.Kozlowski@put.poznan.pl'),
('Diploma-thesis-preparation', 'Andrzej.Kasinski@put.poznan.pl'),
('Diploma-seminar', 'Krzysztof.Wandachowicz@put.poznan.pl'),
('Library-services-(e-learning)', 'Karolina.Poplawska@put.poznan.pl'),
('A-Short-Course-in-Occupational-Safety', 'Adam.Gorny@put.poznan.pl'),
('A-Short-Course-in-Occupational-Safety', 'Sebastian.Kubasinski@put.poznan.pl'),
('Advanced-Functions-of-MS Office','Zbigniew.Wlodarczak@put.poznan.pl'),
('Basics-of-management', 'Stefan.Trzcielinski@put.poznan.pl'),
('Basics-of-management', 'Edmund.Pawlowski@put.poznan.pl'),
('Computer-aided-Engineering-Drawing', 'Jozef.Gruszka@put.poznan.pl'),
('Introduction-to-Engineering', 'Edwin.Tytyk@put.poznan.pl'),
('Introduction-to-Engineering', 'Katarzyna.Szwedzka@put.poznan.pl'),
('Mathematics', 'Grzegorz.Grzegorczyk@put.poznan.pl'),
('Microeconomics', 'Marek.Szczepanski@put.poznan.pl'),
('Microeconomics', 'Mariya.Khmelyarchuk@put.poznan.pl'),
('Organizational-behavior', 'Oksana.Erdeli-Klyap@put.poznan.pl'),
('Physical-Exercises', 'Weronika.Ratkowsak@put.poznan.pl'),
('Physical-Exercises', 'Stela.Chelwing@put.poznan.pl'),
('Computer-Programming-1', 'Zbigniew.Wlodarczak@put.poznan.pl'),
('Computer-Programming-1', 'Michal.Trziszka@put.poznan.pl'),
('Mathematics-summer', 'Grzegorz.Grzegorczyk@put.poznan.pl'),
('Organization-Theory', 'Michal.Trziszka@put.poznan.pl'),
('Organization-Theory', 'Janusz.Pochmara@put.poznan.pl'),
('Physical-Exercises-summer', 'Weronika.Ratkowsak@put.poznan.pl'),
('Physical-Exercises-summer', 'Stela.Chelwing@put.poznan.pl'),
('Computer-Programming-2', 'Zbigniew.Wlodarczak@put.poznan.pl'),
('Ergonomics', 'Edwin.Tytyk@put.poznan.pl'),
('Ergonomics', 'Aleksandra.Dewicka@put.poznan.pl'),
('Financial-Accounting', 'Karolina.Bondarowska@put.poznan.pl'),
('Financial-Accounting', 'Krzysztof.Jakubiak@put.poznan.pl'),
('Marketing', 'Maciej.Szafranski@put.poznan.pl'),
('Marketing', 'Marek.Golinski@put.poznan.pl'),
('Strength-of-materials', 'Piotr.Stasiewicz@put.poznan.pl'),
('Financial-Accounting-summer', 'Karolina.Bondarowska@put.poznan.pl'),
('Financial-Accounting-summer', 'Krzysztof.Jakubiak@put.poznan.pl'),
('Human-Resources-Management', 'Agnieszka.Krugielka@put.poznan.pl'),
('Law-Elements', 'Paulina.Kubera@put.poznan.pl'), 
('Machine-Technology-and-Design-of-Production-Processes-1', 'Jozef.Gruszka@put.poznan.pl'),
('Payment-Systems', 'Hanna.Wlodarkiewicz-Klimek@put.poznan.pl'),
('Payment-Systems', 'Joanna.Kalkowska@put.poznan.pl'),
('Software-engineering', 'Zbigniew.Wlodarczak@put.poznan.pl'),
('Software-engineering', 'Katarzyna.Ragin-Skorecka@put.poznan.pl'),
('Financing-of-enterprise', 'Arkadiusz.Borowiec@put.poznan.pl'),
('Financing-of-enterprise', 'Marek.Szczepanski@put.poznan.pl'),
('Machine-Technology-and-Design-of-Production-Processes-2', 'Jozef.Gruszka@put.poznan.pl'),
('Production-management', 'Agnieszka.Grzelczak@put.poznan.pl'),
('Quality-management', 'Malgorzata.Jasiulewicz-Kaczmarek@put.poznan.pl'),
('Quality-management', 'Anna.Mazur@put.poznan.pl'),
('Theoretical-basics-of-quality', 'Agnieszka.Misztal@put.poznan.pl'),
('Theoretical-basics-of-quality', 'Maciej.Szafranski@put.poznan.pl'),
('Infrastructure-of-Industry-4.0', 'Michal.Trziszka@put.poznan.pl'),
('Intellectual-Property', 'Jakub.Pawlak@put.poznan.pl'),
('Internship', 'Anna.Zwolankiewicz@put.poznan.pl'),
('Internship', 'Anna.Mazur@put.poznan.pl'),
('Knowledge-based-economy', 'Hanna.Wlodarkiewicz-klimek@put.poznan.pl'),
('Knowledge-based-economy', 'Mariya.Khmelyarchuk@put.poznan.pl'),
('Management-information-systems', 'Aleksander.Jurga@put.poznan.pl'),
('Production-management-summer', 'Agnieszka.Grzelczak@put.poznan.pl'),
('Diploma-Seminar-with-introduction-to-scientific-research', 'Magdalena.Wyrwicka@put.poznan.pl'),
('Team-Project', 'office_demf@put.poznan.pl');

INSERT INTO erasmus_student(lastname, firstname, email, password) VALUES
('COAT', 'Arthur', 'arthur.coat@student.put.poznan.pl', '$2a$10$TCdrvG6zWUwrryQ.7Id6Qe9lJCWXaykTFH1vfRyrSRkmF5KK0DoCa');

INSERT INTO testimonial(id, erasmus_student_email, date, comment, course_id) VALUES
(1, 'arthur.coat@student.put.poznan.pl', '2022-01-06 18:07:32', 'This is a comment', 'quality-management-experimental-software-engineering');
